{
  "x": 6.708678708895933e-14,
  "y": -1.8146005205202478e-24,
  "theta": -8.90893898740894e-12
}